#set( $symbol_pound = '#' )
#set( $symbol_dollar = '$' )
#set( $symbol_escape = '\' )
<?xml version="1.0" encoding="UTF-8"?>
<!DOCTYPE resources PUBLIC "-//GlassFish.org//DTD GlassFish Application Server 3.1 Resource Definitions//EN" "http://glassfish.org/dtds/glassfish-resources_1_5.dtd">
<resources>
    <!-- 
    Abaixo deve ser comentado caso seja configuracao diretamente no servidor
    -->
    <jdbc-resource enabled="true" jndi-name="jdbc/${artifactId}DS" object-type="user" pool-name="${artifactId}">
        <description/>
    </jdbc-resource>
    <jdbc-connection-pool name="${artifactId}"  
                          datasource-classname="org.postgresql.ds.PGSimpleDataSource" 
                          res-type="javax.sql.DataSource">
        <property name="User" value="postgres"></property>
        <property name="DatabaseName" value="${artifactId}"></property>
        <property name="Password" value="postgres"></property>
        <property name="Ssl" value="false"></property>
        <property name="ServerName" value="localhost"></property>
    </jdbc-connection-pool>
</resources>
