#set( $symbol_pound = '#' )
#set( $symbol_dollar = '$' )
#set( $symbol_escape = '\' )

<xpert-config xmlns:xsi="http://www.w3.org/2001/XMLSchema-instance">

    <auditing>
        <auditing-impl>${package}.modelo.audit.Auditing</auditing-impl>
        <metadata-impl>${package}.modelo.audit.Metadata</metadata-impl>
        <auditing-listener>${package}.application.AuditingListenerImpl</auditing-listener>
    </auditing>
    
    <entity-manager-factory>${package}.application.EntityManagerFactoryImpl</entity-manager-factory>
    <resource-bundle>bundles.messages</resource-bundle>

</xpert-config>