<?xml version="1.0" encoding="UTF-8"?>
<archetype-descriptor xsi:schemaLocation="https://maven.apache.org/plugins/maven-archetype-plugin/archetype-descriptor/1.1.0 http://maven.apache.org/xsd/archetype-descriptor-1.1.0.xsd" name="xpert-framework-base"
    xmlns="https://maven.apache.org/plugins/maven-archetype-plugin/archetype-descriptor/1.1.0"
    xmlns:xsi="http://www.w3.org/2001/XMLSchema-instance">
  <fileSets>
    <fileSet encoding="UTF-8">
      <directory>arquivos</directory>
      <includes>
        <include>**/*.csv</include>
        <include>**/*.sql</include>
      </includes>
    </fileSet>
    <fileSet filtered="true" encoding="UTF-8">
      <directory></directory>
      <includes>
        <include>nb-configuration.xml</include>
        <include>nbactions.xml</include>
      </includes>
    </fileSet>
    <fileSet encoding="UTF-8">
      <directory></directory>
      <includes>
        <include>.gitignore</include>
      </includes>
    </fileSet>
  </fileSets>
  <modules>
    <module id="${rootArtifactId}-ear" dir="__rootArtifactId__-ear" name="${rootArtifactId}-ear">
      <fileSets>
        <fileSet encoding="UTF-8">
          <directory>src/main/application</directory>
          <includes>
            <include>**/*.MF</include>
          </includes>
        </fileSet>
        <fileSet filtered="true" encoding="UTF-8">
          <directory></directory>
          <includes>
            <include>nb-configuration.xml</include>
          </includes>
        </fileSet>
      </fileSets>
    </module>
    <module id="${rootArtifactId}-web" dir="__rootArtifactId__-web" name="${rootArtifactId}-web">
      <fileSets>
        <fileSet filtered="true" packaged="true" encoding="UTF-8">
          <directory>src/main/java</directory>
          <includes>
            <include>**/*.java</include>
          </includes>
        </fileSet>
        <fileSet filtered="true" encoding="UTF-8">
          <directory>src/main/setup</directory>
          <includes>
            <include>**/*.xml</include>
          </includes>
        </fileSet>
        <fileSet filtered="true" encoding="UTF-8">
          <directory>src/main/webapp</directory>
          <includes>
            <include>**/*.xml</include>
            <include>**/*.xhtml</include>
          </includes>
        </fileSet>
        <fileSet encoding="UTF-8">
          <directory>src/main/webapp</directory>
          <includes>
            <include>**/*.css</include>
            <include>**/*.ico</include>
            <include>**/*.jrxml</include>
            <include>**/*.gif</include>
            <include>**/*.png</include>
            <include>**/*.js</include>
            <include>**/*.jasper</include>
          </includes>
        </fileSet>
        <fileSet filtered="true" encoding="UTF-8">
          <directory></directory>
          <includes>
            <include>nb-configuration.xml</include>
          </includes>
        </fileSet>
      </fileSets>
    </module>
    <module id="${rootArtifactId}-ejb" dir="__rootArtifactId__-ejb" name="${rootArtifactId}-ejb">
      <fileSets>
        <fileSet filtered="true" packaged="true" encoding="UTF-8">
          <directory>src/main/java</directory>
          <includes>
            <include>**/*.java</include>
          </includes>
        </fileSet>
        <fileSet filtered="true" encoding="UTF-8">
          <directory>src/main/resources</directory>
          <includes>
            <include>**/*.xml</include>
          </includes>
        </fileSet>
        <fileSet encoding="UTF-8">
          <directory>src/main/resources</directory>
          <includes>
            <include>**/*.MF</include>
          </includes>
        </fileSet>
        <fileSet filtered="true" encoding="UTF-8">
          <directory></directory>
          <includes>
            <include>nb-configuration.xml</include>
          </includes>
        </fileSet>
      </fileSets>
    </module>
    <module id="${rootArtifactId}-main" dir="__rootArtifactId__-main" name="${rootArtifactId}-main">
      <fileSets>
        <fileSet filtered="true" packaged="true" encoding="UTF-8">
          <directory>src/main/java</directory>
          <includes>
            <include>**/*.java</include>
          </includes>
        </fileSet>
        <fileSet filtered="true" encoding="UTF-8">
          <directory>src/main/resources</directory>
          <includes>
            <include>**/*.xml</include>
            <include>**/*.html</include>
            <include>**/*.properties</include>
          </includes>
        </fileSet>
        <fileSet encoding="UTF-8">
          <directory>src/main/resources</directory>
          <includes>
            <include>**/*.MF</include>
          </includes>
        </fileSet>
        <fileSet encoding="UTF-8">
          <directory></directory>
          <includes>
            <include>faces-config.NavData</include>
          </includes>
        </fileSet>
      </fileSets>
    </module>
  </modules>
</archetype-descriptor>
